{
  "project_info": {
    "project_number": "11836152626",
    "project_id": "pizzahut-a5ea4",
    "storage_bucket": "pizzahut-a5ea4.firebasestorage.app"
  },
  "client": [
    {
      "client_info": {
        "mobilesdk_app_id": "1:11836152626:android:e0ecc92b45d9458c51952b",
        "android_client_info": {
          "package_name": "com.myapp.pizzahut"
        }
      },
      "oauth_client": [],
      "api_key": [
        {
          "current_key": "AIzaSyD1tjpBu8uOUUea4NS7mcWYP2jpzTuslik"
        }
      ],
      "services": {
        "appinvite_service": {
          "other_platform_oauth_client": []
        }
      }
    },
    {
      "client_info": {
        "mobilesdk_app_id": "1:11836152626:android:add1838200f9776551952b",
        "android_client_info": {
          "package_name": "com.myapp.pizzahut_admin"
        }
      },
      "oauth_client": [],
      "api_key": [
        {
          "current_key": "AIzaSyD1tjpBu8uOUUea4NS7mcWYP2jpzTuslik"
        }
      ],
      "services": {
        "appinvite_service": {
          "other_platform_oauth_client": []
        }
      }
    }
  ],
  "configuration_version": "1"
}